{"cameraMode":{"drawMode":0,"name":"Shaded","section":"Shading Mode"},"sceneLighting":true,"audioPlay":false,"sceneViewState":{"showFog":true,"showMaterialUpdate":true,"showSkybox":true,"showFlares":true,"showImageEffects":true,"showParticleSystems":true},"in2DMode":false,"pivot":{"x":1845.3203125,"y":39.12966537475586,"z":2662.16796875},"rotation":{"x":0.22010178864002229,"y":-0.090567946434021,"z":0.020534111186861993,"w":0.9710497856140137},"size":12.219223976135254,"orthographic":false}